source,country,keyword_or_domain,data_type,date,trend_index,search_volume,cpc,estimated_traffic,traffic_source,backlinks,referring_domains,ranking_position,update_time,source_url,is_partial,google_trends_timestamp
Google Trends,GLOBAL,insulated lunch bag,keyword,2026-03-27,10.0,,,,Search Trend,,,,2026-04-03 09:28:32,https://trends.google.com,False,2026-03-27T09:00:00
Google Trends,GLOBAL,travel cosmetic bag,keyword,2026-03-27,25.0,,,,Search Trend,,,,2026-04-03 09:28:32,https://trends.google.com,False,2026-03-27T09:00:00
Google Trends,GLOBAL,insulated lunch bag,keyword,2026-03-27,9.0,,,,Search Trend,,,,2026-04-03 09:28:32,https://trends.google.com,False,2026-03-27T10:00:00
Google Trends,GLOBAL,travel cosmetic bag,keyword,2026-03-27,22.0,,,,Search Trend,,,,2026-04-03 09:28:32,https://trends.google.com,False,2026-03-27T10:00:00
Google Trends,GLOBAL,insulated lunch bag,keyword,2026-03-27,15.0,,,,Search Trend,,,,2026-04-03 09:28:32,https://trends.google.com,False,2026-03-27T11:00:00
Google Trends,GLOBAL,travel cosmetic bag,keyword,2026-03-27,21.0,,,,Search Trend,,,,2026-04-03 09:28:32,https://trends.google.com,False,2026-03-27T11:00:00
Google Trends,GLOBAL,insulated lunch bag,keyword,2026-03-27,9.0,,,,Search Trend,,,,2026-04-03 09:28:32,https://trends.google.com,False,2026-03-27T12:00:00
Google Trends,GLOBAL,travel cosmetic bag,keyword,2026-03-27,22.0,,,,Search Trend,,,,2026-04-03 09:28:32,https://trends.google.com,False,2026-03-27T12:00:00
Google Trends,GLOBAL,insulated lunch bag,keyword,2026-03-27,12.0,,,,Search Trend,,,,2026-04-03 09:28:32,https://trends.google.com,False,2026-03-27T13:00:00
Google Trends,GLOBAL,travel cosmetic bag,keyword,2026-03-27,14.0,,,,Search Trend,,,,2026-04-03 09:28:32,https://trends.google.com,False,2026-03-27T13:00:00
Google Trends,GLOBAL,insulated lunch bag,keyword,2026-03-27,8.0,,,,Search Trend,,,,2026-04-03 09:28:32,https://trends.google.com,False,2026-03-27T14:00:00
Google Trends,GLOBAL,travel cosmetic bag,keyword,2026-03-27,13.0,,,,Search Trend,,,,2026-04-03 09:28:32,https://trends.google.com,False,2026-03-27T14:00:00
Google Trends,GLOBAL,insulated lunch bag,keyword,2026-03-27,9.0,,,,Search Trend,,,,2026-04-03 09:28:32,https://trends.google.com,False,2026-03-27T15:00:00
Google Trends,GLOBAL,travel cosmetic bag,keyword,2026-03-27,15.0,,,,Search Trend,,,,2026-04-03 09:28:32,https://trends.google.com,False,2026-03-27T15:00:00
Google Trends,GLOBAL,insulated lunch bag,keyword,2026-03-27,12.0,,,,Search Trend,,,,2026-04-03 09:28:32,https://trends.google.com,False,2026-03-27T16:00:00
Google Trends,GLOBAL,travel cosmetic bag,keyword,2026-03-27,18.0,,,,Search Trend,,,,2026-04-03 09:28:32,https://trends.google.com,False,2026-03-27T16:00:00
Google Trends,GLOBAL,insulated lunch bag,keyword,2026-03-27,16.0,,,,Search Trend,,,,2026-04-03 09:28:32,https://trends.google.com,False,2026-03-27T17:00:00
Google Trends,GLOBAL,travel cosmetic bag,keyword,2026-03-27,18.0,,,,Search Trend,,,,2026-04-03 09:28:32,https://trends.google.com,False,2026-03-27T17:00:00
Google Trends,GLOBAL,insulated lunch bag,keyword,2026-03-27,17.0,,,,Search Trend,,,,2026-04-03 09:28:32,https://trends.google.com,False,2026-03-27T18:00:00
Google Trends,GLOBAL,travel cosmetic bag,keyword,2026-03-27,21.0,,,,Search Trend,,,,2026-04-03 09:28:32,https://trends.google.com,False,2026-03-27T18:00:00
Google Trends,GLOBAL,insulated lunch bag,keyword,2026-03-27,14.0,,,,Search Trend,,,,2026-04-03 09:28:32,https://trends.google.com,False,2026-03-27T19:00:00
Google Trends,GLOBAL,travel cosmetic bag,keyword,2026-03-27,22.0,,,,Search Trend,,,,2026-04-03 09:28:32,https://trends.google.com,False,2026-03-27T19:00:00
Google Trends,GLOBAL,insulated lunch bag,keyword,2026-03-27,20.0,,,,Search Trend,,,,2026-04-03 09:28:32,https://trends.google.com,False,2026-03-27T20:00:00
Google Trends,GLOBAL,travel cosmetic bag,keyword,2026-03-27,18.0,,,,Search Trend,,,,2026-04-03 09:28:32,https://trends.google.com,False,2026-03-27T20:00:00
Google Trends,GLOBAL,insulated lunch bag,keyword,2026-03-27,19.0,,,,Search Trend,,,,2026-04-03 09:28:32,https://trends.google.com,False,2026-03-27T21:00:00
Google Trends,GLOBAL,travel cosmetic bag,keyword,2026-03-27,19.0,,,,Search Trend,,,,2026-04-03 09:28:32,https://trends.google.com,False,2026-03-27T21:00:00
Google Trends,GLOBAL,insulated lunch bag,keyword,2026-03-27,13.0,,,,Search Trend,,,,2026-04-03 09:28:32,https://trends.google.com,False,2026-03-27T22:00:00
Google Trends,GLOBAL,travel cosmetic bag,keyword,2026-03-27,16.0,,,,Search Trend,,,,2026-04-03 09:28:32,https://trends.google.com,False,2026-03-27T22:00:00
Google Trends,GLOBAL,insulated lunch bag,keyword,2026-03-27,14.0,,,,Search Trend,,,,2026-04-03 09:28:32,https://trends.google.com,False,2026-03-27T23:00:00
Google Trends,GLOBAL,travel cosmetic bag,keyword,2026-03-27,31.0,,,,Search Trend,,,,2026-04-03 09:28:32,https://trends.google.com,False,2026-03-27T23:00:00
Google Trends,GLOBAL,insulated lunch bag,keyword,2026-03-28,36.0,,,,Search Trend,,,,2026-04-03 09:28:32,https://trends.google.com,False,2026-03-28T00:00:00
Google Trends,GLOBAL,travel cosmetic bag,keyword,2026-03-28,19.0,,,,Search Trend,,,,2026-04-03 09:28:32,https://trends.google.com,False,2026-03-28T00:00:00
Google Trends,GLOBAL,insulated lunch bag,keyword,2026-03-28,21.0,,,,Search Trend,,,,2026-04-03 09:28:32,https://trends.google.com,False,2026-03-28T01:00:00
Google Trends,GLOBAL,travel cosmetic bag,keyword,2026-03-28,19.0,,,,Search Trend,,,,2026-04-03 09:28:32,https://trends.google.com,False,2026-03-28T01:00:00
Google Trends,GLOBAL,insulated lunch bag,keyword,2026-03-28,14.0,,,,Search Trend,,,,2026-04-03 09:28:32,https://trends.google.com,False,2026-03-28T02:00:00
Google Trends,GLOBAL,travel cosmetic bag,keyword,2026-03-28,28.0,,,,Search Trend,,,,2026-04-03 09:28:32,https://trends.google.com,False,2026-03-28T02:00:00
Google Trends,GLOBAL,insulated lunch bag,keyword,2026-03-28,18.0,,,,Search Trend,,,,2026-04-03 09:28:32,https://trends.google.com,False,2026-03-28T03:00:00
Google Trends,GLOBAL,travel cosmetic bag,keyword,2026-03-28,27.0,,,,Search Trend,,,,2026-04-03 09:28:32,https://trends.google.com,False,2026-03-28T03:00:00
Google Trends,GLOBAL,insulated lunch bag,keyword,2026-03-28,12.0,,,,Search Trend,,,,2026-04-03 09:28:32,https://trends.google.com,False,2026-03-28T04:00:00
Google Trends,GLOBAL,travel cosmetic bag,keyword,2026-03-28,34.0,,,,Search Trend,,,,2026-04-03 09:28:32,https://trends.google.com,False,2026-03-28T04:00:00
Google Trends,GLOBAL,insulated lunch bag,keyword,2026-03-28,8.0,,,,Search Trend,,,,2026-04-03 09:28:32,https://trends.google.com,False,2026-03-28T05:00:00
Google Trends,GLOBAL,travel cosmetic bag,keyword,2026-03-28,39.0,,,,Search Trend,,,,2026-04-03 09:28:32,https://trends.google.com,False,2026-03-28T05:00:00
Google Trends,GLOBAL,insulated lunch bag,keyword,2026-03-28,22.0,,,,Search Trend,,,,2026-04-03 09:28:32,https://trends.google.com,False,2026-03-28T06:00:00
Google Trends,GLOBAL,travel cosmetic bag,keyword,2026-03-28,41.0,,,,Search Trend,,,,2026-04-03 09:28:32,https://trends.google.com,False,2026-03-28T06:00:00
Google Trends,GLOBAL,insulated lunch bag,keyword,2026-03-28,11.0,,,,Search Trend,,,,2026-04-03 09:28:32,https://trends.google.com,False,2026-03-28T07:00:00
Google Trends,GLOBAL,travel cosmetic bag,keyword,2026-03-28,36.0,,,,Search Trend,,,,2026-04-03 09:28:32,https://trends.google.com,False,2026-03-28T07:00:00
Google Trends,GLOBAL,insulated lunch bag,keyword,2026-03-28,11.0,,,,Search Trend,,,,2026-04-03 09:28:32,https://trends.google.com,False,2026-03-28T08:00:00
Google Trends,GLOBAL,travel cosmetic bag,keyword,2026-03-28,29.0,,,,Search Trend,,,,2026-04-03 09:28:32,https://trends.google.com,False,2026-03-28T08:00:00
Google Trends,GLOBAL,insulated lunch bag,keyword,2026-03-28,10.0,,,,Search Trend,,,,2026-04-03 09:28:32,https://trends.google.com,False,2026-03-28T09:00:00
Google Trends,GLOBAL,travel cosmetic bag,keyword,2026-03-28,30.0,,,,Search Trend,,,,2026-04-03 09:28:32,https://trends.google.com,False,2026-03-28T09:00:00
Google Trends,GLOBAL,insulated lunch bag,keyword,2026-03-28,14.0,,,,Search Trend,,,,2026-04-03 09:28:32,https://trends.google.com,False,2026-03-28T10:00:00
Google Trends,GLOBAL,travel cosmetic bag,keyword,2026-03-28,31.0,,,,Search Trend,,,,2026-04-03 09:28:32,https://trends.google.com,False,2026-03-28T10:00:00
Google Trends,GLOBAL,insulated lunch bag,keyword,2026-03-28,12.0,,,,Search Trend,,,,2026-04-03 09:28:32,https://trends.google.com,False,2026-03-28T11:00:00
Google Trends,GLOBAL,travel cosmetic bag,keyword,2026-03-28,32.0,,,,Search Trend,,,,2026-04-03 09:28:32,https://trends.google.com,False,2026-03-28T11:00:00
Google Trends,GLOBAL,insulated lunch bag,keyword,2026-03-28,40.0,,,,Search Trend,,,,2026-04-03 09:28:32,https://trends.google.com,False,2026-03-28T12:00:00
Google Trends,GLOBAL,travel cosmetic bag,keyword,2026-03-28,24.0,,,,Search Trend,,,,2026-04-03 09:28:32,https://trends.google.com,False,2026-03-28T12:00:00
Google Trends,GLOBAL,insulated lunch bag,keyword,2026-03-28,9.0,,,,Search Trend,,,,2026-04-03 09:28:32,https://trends.google.com,False,2026-03-28T13:00:00
Google Trends,GLOBAL,travel cosmetic bag,keyword,2026-03-28,20.0,,,,Search Trend,,,,2026-04-03 09:28:32,https://trends.google.com,False,2026-03-28T13:00:00
Google Trends,GLOBAL,insulated lunch bag,keyword,2026-03-28,100.0,,,,Search Trend,,,,2026-04-03 09:28:32,https://trends.google.com,False,2026-03-28T14:00:00
Google Trends,GLOBAL,travel cosmetic bag,keyword,2026-03-28,16.0,,,,Search Trend,,,,2026-04-03 09:28:32,https://trends.google.com,False,2026-03-28T14:00:00
Google Trends,GLOBAL,insulated lunch bag,keyword,2026-03-28,25.0,,,,Search Trend,,,,2026-04-03 09:28:32,https://trends.google.com,False,2026-03-28T15:00:00
Google Trends,GLOBAL,travel cosmetic bag,keyword,2026-03-28,16.0,,,,Search Trend,,,,2026-04-03 09:28:32,https://trends.google.com,False,2026-03-28T15:00:00
Google Trends,GLOBAL,insulated lunch bag,keyword,2026-03-28,16.0,,,,Search Trend,,,,2026-04-03 09:28:32,https://trends.google.com,False,2026-03-28T16:00:00
Google Trends,GLOBAL,travel cosmetic bag,keyword,2026-03-28,16.0,,,,Search Trend,,,,2026-04-03 09:28:32,https://trends.google.com,False,2026-03-28T16:00:00
Google Trends,GLOBAL,insulated lunch bag,keyword,2026-03-28,13.0,,,,Search Trend,,,,2026-04-03 09:28:32,https://trends.google.com,False,2026-03-28T17:00:00
Google Trends,GLOBAL,travel cosmetic bag,keyword,2026-03-28,19.0,,,,Search Trend,,,,2026-04-03 09:28:32,https://trends.google.com,False,2026-03-28T17:00:00
Google Trends,GLOBAL,insulated lunch bag,keyword,2026-03-28,14.0,,,,Search Trend,,,,2026-04-03 09:28:32,https://trends.google.com,False,2026-03-28T18:00:00
Google Trends,GLOBAL,travel cosmetic bag,keyword,2026-03-28,18.0,,,,Search Trend,,,,2026-04-03 09:28:32,https://trends.google.com,False,2026-03-28T18:00:00
Google Trends,GLOBAL,insulated lunch bag,keyword,2026-03-28,16.0,,,,Search Trend,,,,2026-04-03 09:28:32,https://trends.google.com,False,2026-03-28T19:00:00
Google Trends,GLOBAL,travel cosmetic bag,keyword,2026-03-28,11.0,,,,Search Trend,,,,2026-04-03 09:28:32,https://trends.google.com,False,2026-03-28T19:00:00
Google Trends,GLOBAL,insulated lunch bag,keyword,2026-03-28,11.0,,,,Search Trend,,,,2026-04-03 09:28:32,https://trends.google.com,False,2026-03-28T20:00:00
Google Trends,GLOBAL,travel cosmetic bag,keyword,2026-03-28,18.0,,,,Search Trend,,,,2026-04-03 09:28:32,https://trends.google.com,False,2026-03-28T20:00:00
Google Trends,GLOBAL,insulated lunch bag,keyword,2026-03-28,15.0,,,,Search Trend,,,,2026-04-03 09:28:32,https://trends.google.com,False,2026-03-28T21:00:00
Google Trends,GLOBAL,travel cosmetic bag,keyword,2026-03-28,25.0,,,,Search Trend,,,,2026-04-03 09:28:32,https://trends.google.com,False,2026-03-28T21:00:00
Google Trends,GLOBAL,insulated lunch bag,keyword,2026-03-28,18.0,,,,Search Trend,,,,2026-04-03 09:28:32,https://trends.google.com,False,2026-03-28T22:00:00
Google Trends,GLOBAL,travel cosmetic bag,keyword,2026-03-28,24.0,,,,Search Trend,,,,2026-04-03 09:28:32,https://trends.google.com,False,2026-03-28T22:00:00
Google Trends,GLOBAL,insulated lunch bag,keyword,2026-03-28,26.0,,,,Search Trend,,,,2026-04-03 09:28:32,https://trends.google.com,False,2026-03-28T23:00:00
Google Trends,GLOBAL,travel cosmetic bag,keyword,2026-03-28,23.0,,,,Search Trend,,,,2026-04-03 09:28:32,https://trends.google.com,False,2026-03-28T23:00:00
Google Trends,GLOBAL,insulated lunch bag,keyword,2026-03-29,15.0,,,,Search Trend,,,,2026-04-03 09:28:32,https://trends.google.com,False,2026-03-29T00:00:00
Google Trends,GLOBAL,travel cosmetic bag,keyword,2026-03-29,22.0,,,,Search Trend,,,,2026-04-03 09:28:32,https://trends.google.com,False,2026-03-29T00:00:00
Google Trends,GLOBAL,insulated lunch bag,keyword,2026-03-29,27.0,,,,Search Trend,,,,2026-04-03 09:28:32,https://trends.google.com,False,2026-03-29T01:00:00
Google Trends,GLOBAL,travel cosmetic bag,keyword,2026-03-29,28.0,,,,Search Trend,,,,2026-04-03 09:28:32,https://trends.google.com,False,2026-03-29T01:00:00
Google Trends,GLOBAL,insulated lunch bag,keyword,2026-03-29,26.0,,,,Search Trend,,,,2026-04-03 09:28:32,https://trends.google.com,False,2026-03-29T02:00:00
Google Trends,GLOBAL,travel cosmetic bag,keyword,2026-03-29,31.0,,,,Search Trend,,,,2026-04-03 09:28:32,https://trends.google.com,False,2026-03-29T02:00:00
Google Trends,GLOBAL,insulated lunch bag,keyword,2026-03-29,18.0,,,,Search Trend,,,,2026-04-03 09:28:32,https://trends.google.com,False,2026-03-29T03:00:00
Google Trends,GLOBAL,travel cosmetic bag,keyword,2026-03-29,29.0,,,,Search Trend,,,,2026-04-03 09:28:32,https://trends.google.com,False,2026-03-29T03:00:00
Google Trends,GLOBAL,insulated lunch bag,keyword,2026-03-29,21.0,,,,Search Trend,,,,2026-04-03 09:28:32,https://trends.google.com,False,2026-03-29T04:00:00
Google Trends,GLOBAL,travel cosmetic bag,keyword,2026-03-29,33.0,,,,Search Trend,,,,2026-04-03 09:28:32,https://trends.google.com,False,2026-03-29T04:00:00
Google Trends,GLOBAL,insulated lunch bag,keyword,2026-03-29,17.0,,,,Search Trend,,,,2026-04-03 09:28:32,https://trends.google.com,False,2026-03-29T05:00:00
Google Trends,GLOBAL,travel cosmetic bag,keyword,2026-03-29,47.0,,,,Search Trend,,,,2026-04-03 09:28:32,https://trends.google.com,False,2026-03-29T05:00:00
Google Trends,GLOBAL,insulated lunch bag,keyword,2026-03-29,13.0,,,,Search Trend,,,,2026-04-03 09:28:32,https://trends.google.com,False,2026-03-29T06:00:00
Google Trends,GLOBAL,travel cosmetic bag,keyword,2026-03-29,42.0,,,,Search Trend,,,,2026-04-03 09:28:32,https://trends.google.com,False,2026-03-29T06:00:00
Google Trends,GLOBAL,insulated lunch bag,keyword,2026-03-29,14.0,,,,Search Trend,,,,2026-04-03 09:28:32,https://trends.google.com,False,2026-03-29T07:00:00
Google Trends,GLOBAL,travel cosmetic bag,keyword,2026-03-29,32.0,,,,Search Trend,,,,2026-04-03 09:28:32,https://trends.google.com,False,2026-03-29T07:00:00
Google Trends,GLOBAL,insulated lunch bag,keyword,2026-03-29,8.0,,,,Search Trend,,,,2026-04-03 09:28:32,https://trends.google.com,False,2026-03-29T08:00:00
Google Trends,GLOBAL,travel cosmetic bag,keyword,2026-03-29,41.0,,,,Search Trend,,,,2026-04-03 09:28:32,https://trends.google.com,False,2026-03-29T08:00:00
Google Trends,GLOBAL,insulated lunch bag,keyword,2026-03-29,12.0,,,,Search Trend,,,,2026-04-03 09:28:32,https://trends.google.com,False,2026-03-29T09:00:00
Google Trends,GLOBAL,travel cosmetic bag,keyword,2026-03-29,40.0,,,,Search Trend,,,,2026-04-03 09:28:32,https://trends.google.com,False,2026-03-29T09:00:00
Google Trends,GLOBAL,insulated lunch bag,keyword,2026-03-29,9.0,,,,Search Trend,,,,2026-04-03 09:28:32,https://trends.google.com,False,2026-03-29T10:00:00
Google Trends,GLOBAL,travel cosmetic bag,keyword,2026-03-29,35.0,,,,Search Trend,,,,2026-04-03 09:28:32,https://trends.google.com,False,2026-03-29T10:00:00
Google Trends,GLOBAL,insulated lunch bag,keyword,2026-03-29,13.0,,,,Search Trend,,,,2026-04-03 09:28:32,https://trends.google.com,False,2026-03-29T11:00:00
Google Trends,GLOBAL,travel cosmetic bag,keyword,2026-03-29,24.0,,,,Search Trend,,,,2026-04-03 09:28:32,https://trends.google.com,False,2026-03-29T11:00:00
Google Trends,GLOBAL,insulated lunch bag,keyword,2026-03-29,12.0,,,,Search Trend,,,,2026-04-03 09:28:32,https://trends.google.com,False,2026-03-29T12:00:00
Google Trends,GLOBAL,travel cosmetic bag,keyword,2026-03-29,32.0,,,,Search Trend,,,,2026-04-03 09:28:32,https://trends.google.com,False,2026-03-29T12:00:00
Google Trends,GLOBAL,insulated lunch bag,keyword,2026-03-29,10.0,,,,Search Trend,,,,2026-04-03 09:28:32,https://trends.google.com,False,2026-03-29T13:00:00
Google Trends,GLOBAL,travel cosmetic bag,keyword,2026-03-29,24.0,,,,Search Trend,,,,2026-04-03 09:28:32,https://trends.google.com,False,2026-03-29T13:00:00
Google Trends,GLOBAL,insulated lunch bag,keyword,2026-03-29,14.0,,,,Search Trend,,,,2026-04-03 09:28:32,https://trends.google.com,False,2026-03-29T14:00:00
Google Trends,GLOBAL,travel cosmetic bag,keyword,2026-03-29,22.0,,,,Search Trend,,,,2026-04-03 09:28:32,https://trends.google.com,False,2026-03-29T14:00:00
Google Trends,GLOBAL,insulated lunch bag,keyword,2026-03-29,19.0,,,,Search Trend,,,,2026-04-03 09:28:32,https://trends.google.com,False,2026-03-29T15:00:00
Google Trends,GLOBAL,travel cosmetic bag,keyword,2026-03-29,20.0,,,,Search Trend,,,,2026-04-03 09:28:32,https://trends.google.com,False,2026-03-29T15:00:00
Google Trends,GLOBAL,insulated lunch bag,keyword,2026-03-29,17.0,,,,Search Trend,,,,2026-04-03 09:28:32,https://trends.google.com,False,2026-03-29T16:00:00
Google Trends,GLOBAL,travel cosmetic bag,keyword,2026-03-29,21.0,,,,Search Trend,,,,2026-04-03 09:28:32,https://trends.google.com,False,2026-03-29T16:00:00
Google Trends,GLOBAL,insulated lunch bag,keyword,2026-03-29,15.0,,,,Search Trend,,,,2026-04-03 09:28:32,https://trends.google.com,False,2026-03-29T17:00:00
Google Trends,GLOBAL,travel cosmetic bag,keyword,2026-03-29,11.0,,,,Search Trend,,,,2026-04-03 09:28:32,https://trends.google.com,False,2026-03-29T17:00:00
Google Trends,GLOBAL,insulated lunch bag,keyword,2026-03-29,16.0,,,,Search Trend,,,,2026-04-03 09:28:32,https://trends.google.com,False,2026-03-29T18:00:00
Google Trends,GLOBAL,travel cosmetic bag,keyword,2026-03-29,14.0,,,,Search Trend,,,,2026-04-03 09:28:32,https://trends.google.com,False,2026-03-29T18:00:00
Google Trends,GLOBAL,insulated lunch bag,keyword,2026-03-29,22.0,,,,Search Trend,,,,2026-04-03 09:28:32,https://trends.google.com,False,2026-03-29T19:00:00
Google Trends,GLOBAL,travel cosmetic bag,keyword,2026-03-29,12.0,,,,Search Trend,,,,2026-04-03 09:28:32,https://trends.google.com,False,2026-03-29T19:00:00
Google Trends,GLOBAL,insulated lunch bag,keyword,2026-03-29,23.0,,,,Search Trend,,,,2026-04-03 09:28:32,https://trends.google.com,False,2026-03-29T20:00:00
Google Trends,GLOBAL,travel cosmetic bag,keyword,2026-03-29,20.0,,,,Search Trend,,,,2026-04-03 09:28:32,https://trends.google.com,False,2026-03-29T20:00:00
Google Trends,GLOBAL,insulated lunch bag,keyword,2026-03-29,28.0,,,,Search Trend,,,,2026-04-03 09:28:32,https://trends.google.com,False,2026-03-29T21:00:00
Google Trends,GLOBAL,travel cosmetic bag,keyword,2026-03-29,17.0,,,,Search Trend,,,,2026-04-03 09:28:32,https://trends.google.com,False,2026-03-29T21:00:00
Google Trends,GLOBAL,insulated lunch bag,keyword,2026-03-29,22.0,,,,Search Trend,,,,2026-04-03 09:28:32,https://trends.google.com,False,2026-03-29T22:00:00
Google Trends,GLOBAL,travel cosmetic bag,keyword,2026-03-29,22.0,,,,Search Trend,,,,2026-04-03 09:28:32,https://trends.google.com,False,2026-03-29T22:00:00
Google Trends,GLOBAL,insulated lunch bag,keyword,2026-03-29,22.0,,,,Search Trend,,,,2026-04-03 09:28:32,https://trends.google.com,False,2026-03-29T23:00:00
Google Trends,GLOBAL,travel cosmetic bag,keyword,2026-03-29,26.0,,,,Search Trend,,,,2026-04-03 09:28:32,https://trends.google.com,False,2026-03-29T23:00:00
Google Trends,GLOBAL,insulated lunch bag,keyword,2026-03-30,36.0,,,,Search Trend,,,,2026-04-03 09:28:32,https://trends.google.com,False,2026-03-30T00:00:00
Google Trends,GLOBAL,travel cosmetic bag,keyword,2026-03-30,18.0,,,,Search Trend,,,,2026-04-03 09:28:32,https://trends.google.com,False,2026-03-30T00:00:00
Google Trends,GLOBAL,insulated lunch bag,keyword,2026-03-30,23.0,,,,Search Trend,,,,2026-04-03 09:28:32,https://trends.google.com,False,2026-03-30T01:00:00
Google Trends,GLOBAL,travel cosmetic bag,keyword,2026-03-30,24.0,,,,Search Trend,,,,2026-04-03 09:28:32,https://trends.google.com,False,2026-03-30T01:00:00
Google Trends,GLOBAL,insulated lunch bag,keyword,2026-03-30,27.0,,,,Search Trend,,,,2026-04-03 09:28:32,https://trends.google.com,False,2026-03-30T02:00:00
Google Trends,GLOBAL,travel cosmetic bag,keyword,2026-03-30,25.0,,,,Search Trend,,,,2026-04-03 09:28:32,https://trends.google.com,False,2026-03-30T02:00:00
Google Trends,GLOBAL,insulated lunch bag,keyword,2026-03-30,22.0,,,,Search Trend,,,,2026-04-03 09:28:32,https://trends.google.com,False,2026-03-30T03:00:00
Google Trends,GLOBAL,travel cosmetic bag,keyword,2026-03-30,34.0,,,,Search Trend,,,,2026-04-03 09:28:32,https://trends.google.com,False,2026-03-30T03:00:00
Google Trends,GLOBAL,insulated lunch bag,keyword,2026-03-30,29.0,,,,Search Trend,,,,2026-04-03 09:28:32,https://trends.google.com,False,2026-03-30T04:00:00
Google Trends,GLOBAL,travel cosmetic bag,keyword,2026-03-30,34.0,,,,Search Trend,,,,2026-04-03 09:28:32,https://trends.google.com,False,2026-03-30T04:00:00
Google Trends,GLOBAL,insulated lunch bag,keyword,2026-03-30,16.0,,,,Search Trend,,,,2026-04-03 09:28:32,https://trends.google.com,False,2026-03-30T05:00:00
Google Trends,GLOBAL,travel cosmetic bag,keyword,2026-03-30,31.0,,,,Search Trend,,,,2026-04-03 09:28:32,https://trends.google.com,False,2026-03-30T05:00:00
Google Trends,GLOBAL,insulated lunch bag,keyword,2026-03-30,16.0,,,,Search Trend,,,,2026-04-03 09:28:32,https://trends.google.com,False,2026-03-30T06:00:00
Google Trends,GLOBAL,travel cosmetic bag,keyword,2026-03-30,35.0,,,,Search Trend,,,,2026-04-03 09:28:32,https://trends.google.com,False,2026-03-30T06:00:00
Google Trends,GLOBAL,insulated lunch bag,keyword,2026-03-30,15.0,,,,Search Trend,,,,2026-04-03 09:28:32,https://trends.google.com,False,2026-03-30T07:00:00
Google Trends,GLOBAL,travel cosmetic bag,keyword,2026-03-30,33.0,,,,Search Trend,,,,2026-04-03 09:28:32,https://trends.google.com,False,2026-03-30T07:00:00
Google Trends,GLOBAL,insulated lunch bag,keyword,2026-03-30,11.0,,,,Search Trend,,,,2026-04-03 09:28:32,https://trends.google.com,False,2026-03-30T08:00:00
Google Trends,GLOBAL,travel cosmetic bag,keyword,2026-03-30,32.0,,,,Search Trend,,,,2026-04-03 09:28:32,https://trends.google.com,False,2026-03-30T08:00:00
Google Trends,GLOBAL,insulated lunch bag,keyword,2026-03-30,9.0,,,,Search Trend,,,,2026-04-03 09:28:32,https://trends.google.com,False,2026-03-30T09:00:00
Google Trends,GLOBAL,travel cosmetic bag,keyword,2026-03-30,33.0,,,,Search Trend,,,,2026-04-03 09:28:32,https://trends.google.com,False,2026-03-30T09:00:00
Google Trends,GLOBAL,insulated lunch bag,keyword,2026-03-30,8.0,,,,Search Trend,,,,2026-04-03 09:28:32,https://trends.google.com,False,2026-03-30T10:00:00
Google Trends,GLOBAL,travel cosmetic bag,keyword,2026-03-30,28.0,,,,Search Trend,,,,2026-04-03 09:28:32,https://trends.google.com,False,2026-03-30T10:00:00
Google Trends,GLOBAL,insulated lunch bag,keyword,2026-03-30,16.0,,,,Search Trend,,,,2026-04-03 09:28:32,https://trends.google.com,False,2026-03-30T11:00:00
Google Trends,GLOBAL,travel cosmetic bag,keyword,2026-03-30,25.0,,,,Search Trend,,,,2026-04-03 09:28:32,https://trends.google.com,False,2026-03-30T11:00:00
Google Trends,GLOBAL,insulated lunch bag,keyword,2026-03-30,11.0,,,,Search Trend,,,,2026-04-03 09:28:32,https://trends.google.com,False,2026-03-30T12:00:00
Google Trends,GLOBAL,travel cosmetic bag,keyword,2026-03-30,24.0,,,,Search Trend,,,,2026-04-03 09:28:32,https://trends.google.com,False,2026-03-30T12:00:00
Google Trends,GLOBAL,insulated lunch bag,keyword,2026-03-30,10.0,,,,Search Trend,,,,2026-04-03 09:28:32,https://trends.google.com,False,2026-03-30T13:00:00
Google Trends,GLOBAL,travel cosmetic bag,keyword,2026-03-30,22.0,,,,Search Trend,,,,2026-04-03 09:28:32,https://trends.google.com,False,2026-03-30T13:00:00
Google Trends,GLOBAL,insulated lunch bag,keyword,2026-03-30,9.0,,,,Search Trend,,,,2026-04-03 09:28:32,https://trends.google.com,False,2026-03-30T14:00:00
Google Trends,GLOBAL,travel cosmetic bag,keyword,2026-03-30,17.0,,,,Search Trend,,,,2026-04-03 09:28:32,https://trends.google.com,False,2026-03-30T14:00:00
Google Trends,GLOBAL,insulated lunch bag,keyword,2026-03-30,13.0,,,,Search Trend,,,,2026-04-03 09:28:32,https://trends.google.com,False,2026-03-30T15:00:00
Google Trends,GLOBAL,travel cosmetic bag,keyword,2026-03-30,17.0,,,,Search Trend,,,,2026-04-03 09:28:32,https://trends.google.com,False,2026-03-30T15:00:00
Google Trends,GLOBAL,insulated lunch bag,keyword,2026-03-30,15.0,,,,Search Trend,,,,2026-04-03 09:28:32,https://trends.google.com,False,2026-03-30T16:00:00
Google Trends,GLOBAL,travel cosmetic bag,keyword,2026-03-30,14.0,,,,Search Trend,,,,2026-04-03 09:28:32,https://trends.google.com,False,2026-03-30T16:00:00
Google Trends,GLOBAL,insulated lunch bag,keyword,2026-03-30,12.0,,,,Search Trend,,,,2026-04-03 09:28:32,https://trends.google.com,False,2026-03-30T17:00:00
Google Trends,GLOBAL,travel cosmetic bag,keyword,2026-03-30,14.0,,,,Search Trend,,,,2026-04-03 09:28:32,https://trends.google.com,False,2026-03-30T17:00:00
Google Trends,GLOBAL,insulated lunch bag,keyword,2026-03-30,12.0,,,,Search Trend,,,,2026-04-03 09:28:32,https://trends.google.com,False,2026-03-30T18:00:00
Google Trends,GLOBAL,travel cosmetic bag,keyword,2026-03-30,14.0,,,,Search Trend,,,,2026-04-03 09:28:32,https://trends.google.com,False,2026-03-30T18:00:00
Google Trends,GLOBAL,insulated lunch bag,keyword,2026-03-30,17.0,,,,Search Trend,,,,2026-04-03 09:28:32,https://trends.google.com,False,2026-03-30T19:00:00
Google Trends,GLOBAL,travel cosmetic bag,keyword,2026-03-30,16.0,,,,Search Trend,,,,2026-04-03 09:28:32,https://trends.google.com,False,2026-03-30T19:00:00
Google Trends,GLOBAL,insulated lunch bag,keyword,2026-03-30,17.0,,,,Search Trend,,,,2026-04-03 09:28:32,https://trends.google.com,False,2026-03-30T20:00:00
Google Trends,GLOBAL,travel cosmetic bag,keyword,2026-03-30,16.0,,,,Search Trend,,,,2026-04-03 09:28:32,https://trends.google.com,False,2026-03-30T20:00:00
Google Trends,GLOBAL,insulated lunch bag,keyword,2026-03-30,35.0,,,,Search Trend,,,,2026-04-03 09:28:32,https://trends.google.com,False,2026-03-30T21:00:00
Google Trends,GLOBAL,travel cosmetic bag,keyword,2026-03-30,21.0,,,,Search Trend,,,,2026-04-03 09:28:32,https://trends.google.com,False,2026-03-30T21:00:00
Google Trends,GLOBAL,insulated lunch bag,keyword,2026-03-30,21.0,,,,Search Trend,,,,2026-04-03 09:28:32,https://trends.google.com,False,2026-03-30T22:00:00
Google Trends,GLOBAL,travel cosmetic bag,keyword,2026-03-30,23.0,,,,Search Trend,,,,2026-04-03 09:28:32,https://trends.google.com,False,2026-03-30T22:00:00
Google Trends,GLOBAL,insulated lunch bag,keyword,2026-03-30,28.0,,,,Search Trend,,,,2026-04-03 09:28:32,https://trends.google.com,False,2026-03-30T23:00:00
Google Trends,GLOBAL,travel cosmetic bag,keyword,2026-03-30,24.0,,,,Search Trend,,,,2026-04-03 09:28:32,https://trends.google.com,False,2026-03-30T23:00:00
Google Trends,GLOBAL,insulated lunch bag,keyword,2026-03-31,30.0,,,,Search Trend,,,,2026-04-03 09:28:32,https://trends.google.com,False,2026-03-31T00:00:00
Google Trends,GLOBAL,travel cosmetic bag,keyword,2026-03-31,20.0,,,,Search Trend,,,,2026-04-03 09:28:32,https://trends.google.com,False,2026-03-31T00:00:00
Google Trends,GLOBAL,insulated lunch bag,keyword,2026-03-31,26.0,,,,Search Trend,,,,2026-04-03 09:28:32,https://trends.google.com,False,2026-03-31T01:00:00
Google Trends,GLOBAL,travel cosmetic bag,keyword,2026-03-31,22.0,,,,Search Trend,,,,2026-04-03 09:28:32,https://trends.google.com,False,2026-03-31T01:00:00
Google Trends,GLOBAL,insulated lunch bag,keyword,2026-03-31,23.0,,,,Search Trend,,,,2026-04-03 09:28:32,https://trends.google.com,False,2026-03-31T02:00:00
Google Trends,GLOBAL,travel cosmetic bag,keyword,2026-03-31,19.0,,,,Search Trend,,,,2026-04-03 09:28:32,https://trends.google.com,False,2026-03-31T02:00:00
Google Trends,GLOBAL,insulated lunch bag,keyword,2026-03-31,24.0,,,,Search Trend,,,,2026-04-03 09:28:32,https://trends.google.com,False,2026-03-31T03:00:00
Google Trends,GLOBAL,travel cosmetic bag,keyword,2026-03-31,22.0,,,,Search Trend,,,,2026-04-03 09:28:32,https://trends.google.com,False,2026-03-31T03:00:00
Google Trends,GLOBAL,insulated lunch bag,keyword,2026-03-31,20.0,,,,Search Trend,,,,2026-04-03 09:28:32,https://trends.google.com,False,2026-03-31T04:00:00
Google Trends,GLOBAL,travel cosmetic bag,keyword,2026-03-31,19.0,,,,Search Trend,,,,2026-04-03 09:28:32,https://trends.google.com,False,2026-03-31T04:00:00
Google Trends,GLOBAL,insulated lunch bag,keyword,2026-03-31,27.0,,,,Search Trend,,,,2026-04-03 09:28:32,https://trends.google.com,False,2026-03-31T05:00:00
Google Trends,GLOBAL,travel cosmetic bag,keyword,2026-03-31,26.0,,,,Search Trend,,,,2026-04-03 09:28:32,https://trends.google.com,False,2026-03-31T05:00:00
Google Trends,GLOBAL,insulated lunch bag,keyword,2026-03-31,22.0,,,,Search Trend,,,,2026-04-03 09:28:32,https://trends.google.com,False,2026-03-31T06:00:00
Google Trends,GLOBAL,travel cosmetic bag,keyword,2026-03-31,29.0,,,,Search Trend,,,,2026-04-03 09:28:32,https://trends.google.com,False,2026-03-31T06:00:00
Google Trends,GLOBAL,insulated lunch bag,keyword,2026-03-31,12.0,,,,Search Trend,,,,2026-04-03 09:28:32,https://trends.google.com,False,2026-03-31T07:00:00
Google Trends,GLOBAL,travel cosmetic bag,keyword,2026-03-31,30.0,,,,Search Trend,,,,2026-04-03 09:28:32,https://trends.google.com,False,2026-03-31T07:00:00
Google Trends,GLOBAL,insulated lunch bag,keyword,2026-03-31,14.0,,,,Search Trend,,,,2026-04-03 09:28:32,https://trends.google.com,False,2026-03-31T08:00:00
Google Trends,GLOBAL,travel cosmetic bag,keyword,2026-03-31,24.0,,,,Search Trend,,,,2026-04-03 09:28:32,https://trends.google.com,False,2026-03-31T08:00:00
Google Trends,GLOBAL,insulated lunch bag,keyword,2026-03-31,22.0,,,,Search Trend,,,,2026-04-03 09:28:32,https://trends.google.com,False,2026-03-31T09:00:00
Google Trends,GLOBAL,travel cosmetic bag,keyword,2026-03-31,30.0,,,,Search Trend,,,,2026-04-03 09:28:32,https://trends.google.com,False,2026-03-31T09:00:00
Google Trends,GLOBAL,insulated lunch bag,keyword,2026-03-31,12.0,,,,Search Trend,,,,2026-04-03 09:28:32,https://trends.google.com,False,2026-03-31T10:00:00
Google Trends,GLOBAL,travel cosmetic bag,keyword,2026-03-31,24.0,,,,Search Trend,,,,2026-04-03 09:28:32,https://trends.google.com,False,2026-03-31T10:00:00
Google Trends,GLOBAL,insulated lunch bag,keyword,2026-03-31,12.0,,,,Search Trend,,,,2026-04-03 09:28:32,https://trends.google.com,False,2026-03-31T11:00:00
Google Trends,GLOBAL,travel cosmetic bag,keyword,2026-03-31,23.0,,,,Search Trend,,,,2026-04-03 09:28:32,https://trends.google.com,False,2026-03-31T11:00:00
Google Trends,GLOBAL,insulated lunch bag,keyword,2026-03-31,16.0,,,,Search Trend,,,,2026-04-03 09:28:32,https://trends.google.com,False,2026-03-31T12:00:00
Google Trends,GLOBAL,travel cosmetic bag,keyword,2026-03-31,18.0,,,,Search Trend,,,,2026-04-03 09:28:32,https://trends.google.com,False,2026-03-31T12:00:00
Google Trends,GLOBAL,insulated lunch bag,keyword,2026-03-31,15.0,,,,Search Trend,,,,2026-04-03 09:28:32,https://trends.google.com,False,2026-03-31T13:00:00
Google Trends,GLOBAL,travel cosmetic bag,keyword,2026-03-31,15.0,,,,Search Trend,,,,2026-04-03 09:28:32,https://trends.google.com,False,2026-03-31T13:00:00
Google Trends,GLOBAL,insulated lunch bag,keyword,2026-03-31,15.0,,,,Search Trend,,,,2026-04-03 09:28:32,https://trends.google.com,False,2026-03-31T14:00:00
Google Trends,GLOBAL,travel cosmetic bag,keyword,2026-03-31,13.0,,,,Search Trend,,,,2026-04-03 09:28:32,https://trends.google.com,False,2026-03-31T14:00:00
Google Trends,GLOBAL,insulated lunch bag,keyword,2026-03-31,14.0,,,,Search Trend,,,,2026-04-03 09:28:32,https://trends.google.com,False,2026-03-31T15:00:00
Google Trends,GLOBAL,travel cosmetic bag,keyword,2026-03-31,5.0,,,,Search Trend,,,,2026-04-03 09:28:32,https://trends.google.com,False,2026-03-31T15:00:00
Google Trends,GLOBAL,insulated lunch bag,keyword,2026-03-31,19.0,,,,Search Trend,,,,2026-04-03 09:28:32,https://trends.google.com,False,2026-03-31T16:00:00
Google Trends,GLOBAL,travel cosmetic bag,keyword,2026-03-31,11.0,,,,Search Trend,,,,2026-04-03 09:28:32,https://trends.google.com,False,2026-03-31T16:00:00
Google Trends,GLOBAL,insulated lunch bag,keyword,2026-03-31,12.0,,,,Search Trend,,,,2026-04-03 09:28:32,https://trends.google.com,False,2026-03-31T17:00:00
Google Trends,GLOBAL,travel cosmetic bag,keyword,2026-03-31,10.0,,,,Search Trend,,,,2026-04-03 09:28:32,https://trends.google.com,False,2026-03-31T17:00:00
Google Trends,GLOBAL,insulated lunch bag,keyword,2026-03-31,16.0,,,,Search Trend,,,,2026-04-03 09:28:32,https://trends.google.com,False,2026-03-31T18:00:00
Google Trends,GLOBAL,travel cosmetic bag,keyword,2026-03-31,0.0,,,,Search Trend,,,,2026-04-03 09:28:32,https://trends.google.com,False,2026-03-31T18:00:00
Google Trends,GLOBAL,insulated lunch bag,keyword,2026-03-31,15.0,,,,Search Trend,,,,2026-04-03 09:28:32,https://trends.google.com,False,2026-03-31T19:00:00
Google Trends,GLOBAL,travel cosmetic bag,keyword,2026-03-31,6.0,,,,Search Trend,,,,2026-04-03 09:28:32,https://trends.google.com,False,2026-03-31T19:00:00
Google Trends,GLOBAL,insulated lunch bag,keyword,2026-03-31,14.0,,,,Search Trend,,,,2026-04-03 09:28:32,https://trends.google.com,False,2026-03-31T20:00:00
Google Trends,GLOBAL,travel cosmetic bag,keyword,2026-03-31,7.0,,,,Search Trend,,,,2026-04-03 09:28:32,https://trends.google.com,False,2026-03-31T20:00:00
Google Trends,GLOBAL,insulated lunch bag,keyword,2026-03-31,18.0,,,,Search Trend,,,,2026-04-03 09:28:32,https://trends.google.com,False,2026-03-31T21:00:00
Google Trends,GLOBAL,travel cosmetic bag,keyword,2026-03-31,11.0,,,,Search Trend,,,,2026-04-03 09:28:32,https://trends.google.com,False,2026-03-31T21:00:00
Google Trends,GLOBAL,insulated lunch bag,keyword,2026-03-31,24.0,,,,Search Trend,,,,2026-04-03 09:28:32,https://trends.google.com,False,2026-03-31T22:00:00
Google Trends,GLOBAL,travel cosmetic bag,keyword,2026-03-31,8.0,,,,Search Trend,,,,2026-04-03 09:28:32,https://trends.google.com,False,2026-03-31T22:00:00
Google Trends,GLOBAL,insulated lunch bag,keyword,2026-03-31,18.0,,,,Search Trend,,,,2026-04-03 09:28:32,https://trends.google.com,False,2026-03-31T23:00:00
Google Trends,GLOBAL,travel cosmetic bag,keyword,2026-03-31,8.0,,,,Search Trend,,,,2026-04-03 09:28:32,https://trends.google.com,False,2026-03-31T23:00:00
Google Trends,GLOBAL,insulated lunch bag,keyword,2026-04-01,18.0,,,,Search Trend,,,,2026-04-03 09:28:32,https://trends.google.com,False,2026-04-01T00:00:00
Google Trends,GLOBAL,travel cosmetic bag,keyword,2026-04-01,11.0,,,,Search Trend,,,,2026-04-03 09:28:32,https://trends.google.com,False,2026-04-01T00:00:00
Google Trends,GLOBAL,insulated lunch bag,keyword,2026-04-01,21.0,,,,Search Trend,,,,2026-04-03 09:28:32,https://trends.google.com,False,2026-04-01T01:00:00
Google Trends,GLOBAL,travel cosmetic bag,keyword,2026-04-01,11.0,,,,Search Trend,,,,2026-04-03 09:28:32,https://trends.google.com,False,2026-04-01T01:00:00
Google Trends,GLOBAL,insulated lunch bag,keyword,2026-04-01,18.0,,,,Search Trend,,,,2026-04-03 09:28:32,https://trends.google.com,False,2026-04-01T02:00:00
Google Trends,GLOBAL,travel cosmetic bag,keyword,2026-04-01,0.0,,,,Search Trend,,,,2026-04-03 09:28:32,https://trends.google.com,False,2026-04-01T02:00:00
Google Trends,GLOBAL,insulated lunch bag,keyword,2026-04-01,23.0,,,,Search Trend,,,,2026-04-03 09:28:32,https://trends.google.com,False,2026-04-01T03:00:00
Google Trends,GLOBAL,travel cosmetic bag,keyword,2026-04-01,10.0,,,,Search Trend,,,,2026-04-03 09:28:32,https://trends.google.com,False,2026-04-01T03:00:00
Google Trends,GLOBAL,insulated lunch bag,keyword,2026-04-01,23.0,,,,Search Trend,,,,2026-04-03 09:28:32,https://trends.google.com,False,2026-04-01T04:00:00
Google Trends,GLOBAL,travel cosmetic bag,keyword,2026-04-01,15.0,,,,Search Trend,,,,2026-04-03 09:28:32,https://trends.google.com,False,2026-04-01T04:00:00
Google Trends,GLOBAL,insulated lunch bag,keyword,2026-04-01,24.0,,,,Search Trend,,,,2026-04-03 09:28:32,https://trends.google.com,False,2026-04-01T05:00:00
Google Trends,GLOBAL,travel cosmetic bag,keyword,2026-04-01,18.0,,,,Search Trend,,,,2026-04-03 09:28:32,https://trends.google.com,False,2026-04-01T05:00:00
Google Trends,GLOBAL,insulated lunch bag,keyword,2026-04-01,24.0,,,,Search Trend,,,,2026-04-03 09:28:32,https://trends.google.com,False,2026-04-01T06:00:00
Google Trends,GLOBAL,travel cosmetic bag,keyword,2026-04-01,29.0,,,,Search Trend,,,,2026-04-03 09:28:32,https://trends.google.com,False,2026-04-01T06:00:00
Google Trends,GLOBAL,insulated lunch bag,keyword,2026-04-01,14.0,,,,Search Trend,,,,2026-04-03 09:28:32,https://trends.google.com,False,2026-04-01T07:00:00
Google Trends,GLOBAL,travel cosmetic bag,keyword,2026-04-01,20.0,,,,Search Trend,,,,2026-04-03 09:28:32,https://trends.google.com,False,2026-04-01T07:00:00
Google Trends,GLOBAL,insulated lunch bag,keyword,2026-04-01,10.0,,,,Search Trend,,,,2026-04-03 09:28:32,https://trends.google.com,False,2026-04-01T08:00:00
Google Trends,GLOBAL,travel cosmetic bag,keyword,2026-04-01,27.0,,,,Search Trend,,,,2026-04-03 09:28:32,https://trends.google.com,False,2026-04-01T08:00:00
Google Trends,GLOBAL,insulated lunch bag,keyword,2026-04-01,16.0,,,,Search Trend,,,,2026-04-03 09:28:32,https://trends.google.com,False,2026-04-01T09:00:00
Google Trends,GLOBAL,travel cosmetic bag,keyword,2026-04-01,32.0,,,,Search Trend,,,,2026-04-03 09:28:32,https://trends.google.com,False,2026-04-01T09:00:00
Google Trends,GLOBAL,insulated lunch bag,keyword,2026-04-01,9.0,,,,Search Trend,,,,2026-04-03 09:28:32,https://trends.google.com,False,2026-04-01T10:00:00
Google Trends,GLOBAL,travel cosmetic bag,keyword,2026-04-01,28.0,,,,Search Trend,,,,2026-04-03 09:28:32,https://trends.google.com,False,2026-04-01T10:00:00
Google Trends,GLOBAL,insulated lunch bag,keyword,2026-04-01,13.0,,,,Search Trend,,,,2026-04-03 09:28:32,https://trends.google.com,False,2026-04-01T11:00:00
Google Trends,GLOBAL,travel cosmetic bag,keyword,2026-04-01,23.0,,,,Search Trend,,,,2026-04-03 09:28:32,https://trends.google.com,False,2026-04-01T11:00:00
Google Trends,GLOBAL,insulated lunch bag,keyword,2026-04-01,15.0,,,,Search Trend,,,,2026-04-03 09:28:32,https://trends.google.com,False,2026-04-01T12:00:00
Google Trends,GLOBAL,travel cosmetic bag,keyword,2026-04-01,22.0,,,,Search Trend,,,,2026-04-03 09:28:32,https://trends.google.com,False,2026-04-01T12:00:00
Google Trends,GLOBAL,insulated lunch bag,keyword,2026-04-01,15.0,,,,Search Trend,,,,2026-04-03 09:28:32,https://trends.google.com,False,2026-04-01T13:00:00
Google Trends,GLOBAL,travel cosmetic bag,keyword,2026-04-01,18.0,,,,Search Trend,,,,2026-04-03 09:28:32,https://trends.google.com,False,2026-04-01T13:00:00
Google Trends,GLOBAL,insulated lunch bag,keyword,2026-04-01,12.0,,,,Search Trend,,,,2026-04-03 09:28:32,https://trends.google.com,False,2026-04-01T14:00:00
Google Trends,GLOBAL,travel cosmetic bag,keyword,2026-04-01,12.0,,,,Search Trend,,,,2026-04-03 09:28:32,https://trends.google.com,False,2026-04-01T14:00:00
Google Trends,GLOBAL,insulated lunch bag,keyword,2026-04-01,15.0,,,,Search Trend,,,,2026-04-03 09:28:32,https://trends.google.com,False,2026-04-01T15:00:00
Google Trends,GLOBAL,travel cosmetic bag,keyword,2026-04-01,13.0,,,,Search Trend,,,,2026-04-03 09:28:32,https://trends.google.com,False,2026-04-01T15:00:00
Google Trends,GLOBAL,insulated lunch bag,keyword,2026-04-01,12.0,,,,Search Trend,,,,2026-04-03 09:28:32,https://trends.google.com,False,2026-04-01T16:00:00
Google Trends,GLOBAL,travel cosmetic bag,keyword,2026-04-01,17.0,,,,Search Trend,,,,2026-04-03 09:28:32,https://trends.google.com,False,2026-04-01T16:00:00
Google Trends,GLOBAL,insulated lunch bag,keyword,2026-04-01,19.0,,,,Search Trend,,,,2026-04-03 09:28:32,https://trends.google.com,False,2026-04-01T17:00:00
Google Trends,GLOBAL,travel cosmetic bag,keyword,2026-04-01,10.0,,,,Search Trend,,,,2026-04-03 09:28:32,https://trends.google.com,False,2026-04-01T17:00:00
Google Trends,GLOBAL,insulated lunch bag,keyword,2026-04-01,16.0,,,,Search Trend,,,,2026-04-03 09:28:32,https://trends.google.com,False,2026-04-01T18:00:00
Google Trends,GLOBAL,travel cosmetic bag,keyword,2026-04-01,15.0,,,,Search Trend,,,,2026-04-03 09:28:32,https://trends.google.com,False,2026-04-01T18:00:00
Google Trends,GLOBAL,insulated lunch bag,keyword,2026-04-01,17.0,,,,Search Trend,,,,2026-04-03 09:28:32,https://trends.google.com,False,2026-04-01T19:00:00
Google Trends,GLOBAL,travel cosmetic bag,keyword,2026-04-01,11.0,,,,Search Trend,,,,2026-04-03 09:28:32,https://trends.google.com,False,2026-04-01T19:00:00
Google Trends,GLOBAL,insulated lunch bag,keyword,2026-04-01,23.0,,,,Search Trend,,,,2026-04-03 09:28:32,https://trends.google.com,False,2026-04-01T20:00:00
Google Trends,GLOBAL,travel cosmetic bag,keyword,2026-04-01,17.0,,,,Search Trend,,,,2026-04-03 09:28:32,https://trends.google.com,False,2026-04-01T20:00:00
Google Trends,GLOBAL,insulated lunch bag,keyword,2026-04-01,32.0,,,,Search Trend,,,,2026-04-03 09:28:32,https://trends.google.com,False,2026-04-01T21:00:00
Google Trends,GLOBAL,travel cosmetic bag,keyword,2026-04-01,18.0,,,,Search Trend,,,,2026-04-03 09:28:32,https://trends.google.com,False,2026-04-01T21:00:00
Google Trends,GLOBAL,insulated lunch bag,keyword,2026-04-01,24.0,,,,Search Trend,,,,2026-04-03 09:28:32,https://trends.google.com,False,2026-04-01T22:00:00
Google Trends,GLOBAL,travel cosmetic bag,keyword,2026-04-01,22.0,,,,Search Trend,,,,2026-04-03 09:28:32,https://trends.google.com,False,2026-04-01T22:00:00
Google Trends,GLOBAL,insulated lunch bag,keyword,2026-04-01,23.0,,,,Search Trend,,,,2026-04-03 09:28:32,https://trends.google.com,False,2026-04-01T23:00:00
Google Trends,GLOBAL,travel cosmetic bag,keyword,2026-04-01,19.0,,,,Search Trend,,,,2026-04-03 09:28:32,https://trends.google.com,False,2026-04-01T23:00:00
Google Trends,GLOBAL,insulated lunch bag,keyword,2026-04-02,35.0,,,,Search Trend,,,,2026-04-03 09:28:32,https://trends.google.com,False,2026-04-02T00:00:00
Google Trends,GLOBAL,travel cosmetic bag,keyword,2026-04-02,0.0,,,,Search Trend,,,,2026-04-03 09:28:32,https://trends.google.com,False,2026-04-02T00:00:00
Google Trends,GLOBAL,insulated lunch bag,keyword,2026-04-02,27.0,,,,Search Trend,,,,2026-04-03 09:28:32,https://trends.google.com,False,2026-04-02T01:00:00
Google Trends,GLOBAL,travel cosmetic bag,keyword,2026-04-02,13.0,,,,Search Trend,,,,2026-04-03 09:28:32,https://trends.google.com,False,2026-04-02T01:00:00
Google Trends,GLOBAL,insulated lunch bag,keyword,2026-04-02,25.0,,,,Search Trend,,,,2026-04-03 09:28:32,https://trends.google.com,False,2026-04-02T02:00:00
Google Trends,GLOBAL,travel cosmetic bag,keyword,2026-04-02,22.0,,,,Search Trend,,,,2026-04-03 09:28:32,https://trends.google.com,False,2026-04-02T02:00:00
Google Trends,GLOBAL,insulated lunch bag,keyword,2026-04-02,28.0,,,,Search Trend,,,,2026-04-03 09:28:32,https://trends.google.com,False,2026-04-02T03:00:00
Google Trends,GLOBAL,travel cosmetic bag,keyword,2026-04-02,21.0,,,,Search Trend,,,,2026-04-03 09:28:32,https://trends.google.com,False,2026-04-02T03:00:00
Google Trends,GLOBAL,insulated lunch bag,keyword,2026-04-02,26.0,,,,Search Trend,,,,2026-04-03 09:28:32,https://trends.google.com,False,2026-04-02T04:00:00
Google Trends,GLOBAL,travel cosmetic bag,keyword,2026-04-02,34.0,,,,Search Trend,,,,2026-04-03 09:28:32,https://trends.google.com,False,2026-04-02T04:00:00
Google Trends,GLOBAL,insulated lunch bag,keyword,2026-04-02,18.0,,,,Search Trend,,,,2026-04-03 09:28:32,https://trends.google.com,False,2026-04-02T05:00:00
Google Trends,GLOBAL,travel cosmetic bag,keyword,2026-04-02,37.0,,,,Search Trend,,,,2026-04-03 09:28:32,https://trends.google.com,False,2026-04-02T05:00:00
Google Trends,GLOBAL,insulated lunch bag,keyword,2026-04-02,13.0,,,,Search Trend,,,,2026-04-03 09:28:32,https://trends.google.com,False,2026-04-02T06:00:00
Google Trends,GLOBAL,travel cosmetic bag,keyword,2026-04-02,30.0,,,,Search Trend,,,,2026-04-03 09:28:32,https://trends.google.com,False,2026-04-02T06:00:00
Google Trends,GLOBAL,insulated lunch bag,keyword,2026-04-02,11.0,,,,Search Trend,,,,2026-04-03 09:28:32,https://trends.google.com,False,2026-04-02T07:00:00
Google Trends,GLOBAL,travel cosmetic bag,keyword,2026-04-02,36.0,,,,Search Trend,,,,2026-04-03 09:28:32,https://trends.google.com,False,2026-04-02T07:00:00
Google Trends,GLOBAL,insulated lunch bag,keyword,2026-04-02,13.0,,,,Search Trend,,,,2026-04-03 09:28:32,https://trends.google.com,False,2026-04-02T08:00:00
Google Trends,GLOBAL,travel cosmetic bag,keyword,2026-04-02,35.0,,,,Search Trend,,,,2026-04-03 09:28:32,https://trends.google.com,False,2026-04-02T08:00:00
Google Trends,GLOBAL,insulated lunch bag,keyword,2026-04-02,12.0,,,,Search Trend,,,,2026-04-03 09:28:32,https://trends.google.com,False,2026-04-02T09:00:00
Google Trends,GLOBAL,travel cosmetic bag,keyword,2026-04-02,42.0,,,,Search Trend,,,,2026-04-03 09:28:32,https://trends.google.com,False,2026-04-02T09:00:00
Google Trends,GLOBAL,insulated lunch bag,keyword,2026-04-02,10.0,,,,Search Trend,,,,2026-04-03 09:28:32,https://trends.google.com,False,2026-04-02T10:00:00
Google Trends,GLOBAL,travel cosmetic bag,keyword,2026-04-02,44.0,,,,Search Trend,,,,2026-04-03 09:28:32,https://trends.google.com,False,2026-04-02T10:00:00
Google Trends,GLOBAL,insulated lunch bag,keyword,2026-04-02,17.0,,,,Search Trend,,,,2026-04-03 09:28:32,https://trends.google.com,False,2026-04-02T11:00:00
Google Trends,GLOBAL,travel cosmetic bag,keyword,2026-04-02,26.0,,,,Search Trend,,,,2026-04-03 09:28:32,https://trends.google.com,False,2026-04-02T11:00:00
Google Trends,GLOBAL,insulated lunch bag,keyword,2026-04-02,18.0,,,,Search Trend,,,,2026-04-03 09:28:32,https://trends.google.com,False,2026-04-02T12:00:00
Google Trends,GLOBAL,travel cosmetic bag,keyword,2026-04-02,28.0,,,,Search Trend,,,,2026-04-03 09:28:32,https://trends.google.com,False,2026-04-02T12:00:00
Google Trends,GLOBAL,insulated lunch bag,keyword,2026-04-02,17.0,,,,Search Trend,,,,2026-04-03 09:28:32,https://trends.google.com,False,2026-04-02T13:00:00
Google Trends,GLOBAL,travel cosmetic bag,keyword,2026-04-02,21.0,,,,Search Trend,,,,2026-04-03 09:28:32,https://trends.google.com,False,2026-04-02T13:00:00
Google Trends,GLOBAL,insulated lunch bag,keyword,2026-04-02,15.0,,,,Search Trend,,,,2026-04-03 09:28:32,https://trends.google.com,False,2026-04-02T14:00:00
Google Trends,GLOBAL,travel cosmetic bag,keyword,2026-04-02,22.0,,,,Search Trend,,,,2026-04-03 09:28:32,https://trends.google.com,False,2026-04-02T14:00:00
Google Trends,GLOBAL,insulated lunch bag,keyword,2026-04-02,17.0,,,,Search Trend,,,,2026-04-03 09:28:32,https://trends.google.com,False,2026-04-02T15:00:00
Google Trends,GLOBAL,travel cosmetic bag,keyword,2026-04-02,12.0,,,,Search Trend,,,,2026-04-03 09:28:32,https://trends.google.com,False,2026-04-02T15:00:00
Google Trends,GLOBAL,insulated lunch bag,keyword,2026-04-02,7.0,,,,Search Trend,,,,2026-04-03 09:28:32,https://trends.google.com,False,2026-04-02T16:00:00
Google Trends,GLOBAL,travel cosmetic bag,keyword,2026-04-02,13.0,,,,Search Trend,,,,2026-04-03 09:28:32,https://trends.google.com,False,2026-04-02T16:00:00
Google Trends,GLOBAL,insulated lunch bag,keyword,2026-04-02,32.0,,,,Search Trend,,,,2026-04-03 09:28:32,https://trends.google.com,False,2026-04-02T17:00:00
Google Trends,GLOBAL,travel cosmetic bag,keyword,2026-04-02,33.0,,,,Search Trend,,,,2026-04-03 09:28:32,https://trends.google.com,False,2026-04-02T17:00:00
Google Trends,GLOBAL,insulated lunch bag,keyword,2026-04-02,14.0,,,,Search Trend,,,,2026-04-03 09:28:32,https://trends.google.com,False,2026-04-02T18:00:00
Google Trends,GLOBAL,travel cosmetic bag,keyword,2026-04-02,13.0,,,,Search Trend,,,,2026-04-03 09:28:32,https://trends.google.com,False,2026-04-02T18:00:00
Google Trends,GLOBAL,insulated lunch bag,keyword,2026-04-02,14.0,,,,Search Trend,,,,2026-04-03 09:28:32,https://trends.google.com,False,2026-04-02T19:00:00
Google Trends,GLOBAL,travel cosmetic bag,keyword,2026-04-02,14.0,,,,Search Trend,,,,2026-04-03 09:28:32,https://trends.google.com,False,2026-04-02T19:00:00
Google Trends,GLOBAL,insulated lunch bag,keyword,2026-04-02,24.0,,,,Search Trend,,,,2026-04-03 09:28:32,https://trends.google.com,False,2026-04-02T20:00:00
Google Trends,GLOBAL,travel cosmetic bag,keyword,2026-04-02,14.0,,,,Search Trend,,,,2026-04-03 09:28:32,https://trends.google.com,False,2026-04-02T20:00:00
Google Trends,GLOBAL,insulated lunch bag,keyword,2026-04-02,15.0,,,,Search Trend,,,,2026-04-03 09:28:32,https://trends.google.com,False,2026-04-02T21:00:00
Google Trends,GLOBAL,travel cosmetic bag,keyword,2026-04-02,15.0,,,,Search Trend,,,,2026-04-03 09:28:32,https://trends.google.com,False,2026-04-02T21:00:00
Google Trends,GLOBAL,insulated lunch bag,keyword,2026-04-02,18.0,,,,Search Trend,,,,2026-04-03 09:28:32,https://trends.google.com,False,2026-04-02T22:00:00
Google Trends,GLOBAL,travel cosmetic bag,keyword,2026-04-02,17.0,,,,Search Trend,,,,2026-04-03 09:28:32,https://trends.google.com,False,2026-04-02T22:00:00
Google Trends,GLOBAL,insulated lunch bag,keyword,2026-04-02,31.0,,,,Search Trend,,,,2026-04-03 09:28:32,https://trends.google.com,False,2026-04-02T23:00:00
Google Trends,GLOBAL,travel cosmetic bag,keyword,2026-04-02,22.0,,,,Search Trend,,,,2026-04-03 09:28:32,https://trends.google.com,False,2026-04-02T23:00:00
Google Trends,GLOBAL,insulated lunch bag,keyword,2026-04-03,19.0,,,,Search Trend,,,,2026-04-03 09:28:32,https://trends.google.com,False,2026-04-03T00:00:00
Google Trends,GLOBAL,travel cosmetic bag,keyword,2026-04-03,8.0,,,,Search Trend,,,,2026-04-03 09:28:32,https://trends.google.com,False,2026-04-03T00:00:00
Google Trends,GLOBAL,insulated lunch bag,keyword,2026-04-03,20.0,,,,Search Trend,,,,2026-04-03 09:28:32,https://trends.google.com,False,2026-04-03T01:00:00
Google Trends,GLOBAL,travel cosmetic bag,keyword,2026-04-03,8.0,,,,Search Trend,,,,2026-04-03 09:28:32,https://trends.google.com,False,2026-04-03T01:00:00
Google Trends,GLOBAL,insulated lunch bag,keyword,2026-04-03,25.0,,,,Search Trend,,,,2026-04-03 09:28:32,https://trends.google.com,False,2026-04-03T02:00:00
Google Trends,GLOBAL,travel cosmetic bag,keyword,2026-04-03,8.0,,,,Search Trend,,,,2026-04-03 09:28:32,https://trends.google.com,False,2026-04-03T02:00:00
Google Trends,GLOBAL,insulated lunch bag,keyword,2026-04-03,29.0,,,,Search Trend,,,,2026-04-03 09:28:32,https://trends.google.com,False,2026-04-03T03:00:00
Google Trends,GLOBAL,travel cosmetic bag,keyword,2026-04-03,10.0,,,,Search Trend,,,,2026-04-03 09:28:32,https://trends.google.com,False,2026-04-03T03:00:00
Google Trends,GLOBAL,insulated lunch bag,keyword,2026-04-03,11.0,,,,Search Trend,,,,2026-04-03 09:28:32,https://trends.google.com,False,2026-04-03T04:00:00
Google Trends,GLOBAL,travel cosmetic bag,keyword,2026-04-03,0.0,,,,Search Trend,,,,2026-04-03 09:28:32,https://trends.google.com,False,2026-04-03T04:00:00
Google Trends,GLOBAL,insulated lunch bag,keyword,2026-04-03,13.0,,,,Search Trend,,,,2026-04-03 09:28:32,https://trends.google.com,False,2026-04-03T05:00:00
Google Trends,GLOBAL,travel cosmetic bag,keyword,2026-04-03,8.0,,,,Search Trend,,,,2026-04-03 09:28:32,https://trends.google.com,False,2026-04-03T05:00:00
Google Trends,GLOBAL,insulated lunch bag,keyword,2026-04-03,8.0,,,,Search Trend,,,,2026-04-03 09:28:32,https://trends.google.com,False,2026-04-03T06:00:00
Google Trends,GLOBAL,travel cosmetic bag,keyword,2026-04-03,6.0,,,,Search Trend,,,,2026-04-03 09:28:32,https://trends.google.com,False,2026-04-03T06:00:00
Google Trends,GLOBAL,insulated lunch bag,keyword,2026-04-03,9.0,,,,Search Trend,,,,2026-04-03 09:28:32,https://trends.google.com,False,2026-04-03T07:00:00
Google Trends,GLOBAL,travel cosmetic bag,keyword,2026-04-03,0.0,,,,Search Trend,,,,2026-04-03 09:28:32,https://trends.google.com,False,2026-04-03T07:00:00
Google Trends,GLOBAL,insulated lunch bag,keyword,2026-04-03,9.0,,,,Search Trend,,,,2026-04-03 09:28:32,https://trends.google.com,False,2026-04-03T08:00:00
Google Trends,GLOBAL,travel cosmetic bag,keyword,2026-04-03,6.0,,,,Search Trend,,,,2026-04-03 09:28:32,https://trends.google.com,False,2026-04-03T08:00:00
Google Trends,GLOBAL,insulated lunch bag,keyword,2026-04-03,0.0,,,,Search Trend,,,,2026-04-03 09:28:32,https://trends.google.com,True,2026-04-03T09:00:00
Google Trends,GLOBAL,travel cosmetic bag,keyword,2026-04-03,0.0,,,,Search Trend,,,,2026-04-03 09:28:32,https://trends.google.com,True,2026-04-03T09:00:00
